{"fmus":{
	"{Outputs}":"file:///home/openmodelica/Desktop/CompartidoUbuntu/M2TestingFMUs/Prasad_files_static_euler_modelRDv2/Data_transfer_static_euler.fmu",
	"{ModeloParticulas}":"file:///home/openmodelica/Desktop/CompartidoUbuntu/M2TestingFMUs/Prasad_files_static_euler_modelRDv2/Dynamic_model_static_euler_V2.fmu"
	},
	"connections":{
		"{Outputs}.oi.MassWood":["{ModeloParticulas}.mi.m_dot_wood"],
		"{Outputs}.oi.VFair":["{ModeloParticulas}.mi.IntensityFan"],
		"{Outputs}.oi.VFFeed":["{ModeloParticulas}.mi.VFFeed1"],
		"{Outputs}.oi.VFRotaryDryer":["{ModeloParticulas}.mi.VFRotaryDryer1"],
		"{Outputs}.oi.TemperatureFlueGas":["{ModeloParticulas}.mi.T_g_in"],
		"{Outputs}.oi.TemperatureWood":["{ModeloParticulas}.mi.TemperatureWood1"],
		"{Outputs}.oi.MassFlueGas":["{ModeloParticulas}.mi.mdot_g"]},
	"parameters":{
	},
		"liveGraphColumns":0,
		"liveGraphVisibleRowCount":0,
		"logVariables":{
			"{ModeloParticulas}.mi":["EvapRate","MGas","MWood","RHinWood","RHoutWood","TinGas","ToutGas","XinH2O","XoutH2O","Tp_1_in","Tp_2_in","Tp_3_in","Tp_1_out","Tp_2_out","Tp_3_out",
						"enthalpy_bal","mass_bal","part_bal","water_bal","VGas","VWood"]
				},
	"algorithm":{
			"type":"fixed-step",
			"size":0.1
	},
		"parallelSimulation":false,
		"stabalizationEnabled":false,
		"global_absolute_tolerance":0,
		"global_relative_tolerance":0.01,
		"simulationProgramDelay":true
}
